[
  {
    "id": 1,
    "title": "우리의 만남 청량함 가득",
    "desc": "LIFE FRIENDS & Character",
    "imgAlt": "character",
    "imgUrl": "https://images.unsplash.com/photo-1521249635712-69ca33adf729?ixid=MnwxMjA3fDB8MHxzZWFyY2h8Mzh8fGNoYXJhY3RlcnxlbnwwfHwwfHw%3D&ixlib=rb-1.2.1&auto=format&fit=crop&w=500&q=60"
  },
  {
    "id": 2,
    "title": "귀여움 한가득 실용성 한가득",
    "desc": "LIFE FRIENDS & 실용성 한가득",
    "imgAlt": "character",
    "imgUrl": "https://images.unsplash.com/photo-1613750651512-d65ce96dff55?ixid=MnwxMjA3fDB8MHxzZWFyY2h8Mjd8fGNoYXJhY3RlcnxlbnwwfHwwfHw%3D&ixlib=rb-1.2.1&auto=format&fit=crop&w=500&q=60"
  },
  {
    "id": 3,
    "title": "함께해서 위코드",
    "desc": "LIFE FRIENDS & Wecode",
    "imgAlt": "character",
    "imgUrl": "https://images.unsplash.com/photo-1610568781018-995405522539?ixid=MnwxMjA3fDB8MHxzZWFyY2h8NzR8fGNoYXJhY3RlcnxlbnwwfHwwfHw%3D&ixlib=rb-1.2.1&auto=format&fit=crop&w=500&q=60"
  },
  {
    "id": 4,
    "title": "일상에 찾아온 나의 히어로",
    "desc": "LIFE FRIENDS & HERO",
    "imgAlt": "character",
    "imgUrl": "https://images.unsplash.com/photo-1587303150910-b05077a4fb45?ixid=MnwxMjA3fDB8MHxzZWFyY2h8Nzl8fGNoYXJhY3RlcnxlbnwwfHwwfHw%3D&ixlib=rb-1.2.1&auto=format&fit=crop&w=500&q=60"
  }
]
