[
  {
    "id": 1,
    "name": "우리의 만남 청량함 가득",
    "desc": "Lorem ipsum dolor sit amet consectetur adipisicing elit.",
    "imgAlt": "character lego",
    "imgUrl": "https://images.unsplash.com/photo-1591118731137-c01afa405891?ixid=MnwxMjA3fDB8MHxzZWFyY2h8OTh8fGxlZ298ZW58MHx8MHx8&ixlib=rb-1.2.1&auto=format&fit=crop&w=500&q=60",
    "cost": 60000
  },
  {
    "id": 2,
    "name": "우리의 만남 청량함 가득",
    "desc": "Lorem ipsum dolor sit amet consectetur adipisicing elit.",
    "imgAlt": "character lego",
    "imgUrl": "https://images.unsplash.com/photo-1613834926943-9e4ac2945744?ixid=MnwxMjA3fDB8MHxzZWFyY2h8ODh8fGxlZ298ZW58MHx8MHx8&ixlib=rb-1.2.1&auto=format&fit=crop&w=500&q=60",
    "cost": 45000
  },
  {
    "id": 3,
    "name": "우리의 만남 청량함 가득",
    "desc": "Lorem ipsum dolor sit amet consectetur adipisicing elit.",
    "imgAlt": "character lego",
    "imgUrl": "https://images.unsplash.com/photo-1594736797933-d0501ba2fe65?ixid=MnwxMjA3fDB8MHxzZWFyY2h8ODV8fGxlZ298ZW58MHx8MHx8&ixlib=rb-1.2.1&auto=format&fit=crop&w=500&q=60",
    "cost": 80000
  },
  {
    "id": 4,
    "name": "우리의 만남 청량함 가득",
    "desc": "Lorem ipsum dolor sit amet consectetur adipisicing elit.",
    "imgAlt": "character lego",
    "imgUrl": "https://images.unsplash.com/photo-1508245126183-fb439fec035f?ixid=MnwxMjA3fDB8MHxzZWFyY2h8MTc0fHxsZWdvfGVufDB8fDB8fA%3D%3D&ixlib=rb-1.2.1&auto=format&fit=crop&w=500&q=60",
    "cost": 60000
  },
  {
    "id": 5,
    "name": "우리의 만남 청량함 가득",
    "desc": "Lorem ipsum dolor sit amet consectetur adipisicing elit.",
    "imgAlt": "character lego",
    "imgUrl": "https://images.unsplash.com/photo-1526505262320-81542978f63b?ixid=MnwxMjA3fDB8MHxzZWFyY2h8MzN8fGNoYXJhY3RlciUyMGxlZ298ZW58MHx8MHx8&ixlib=rb-1.2.1&auto=format&fit=crop&w=500&q=60",
    "cost": 50000
  },
  {
    "id": 6,
    "name": "우리의 만남 청량함 가득",
    "desc": "Lorem ipsum dolor sit amet consectetur adipisicing elit.",
    "imgAlt": "character lego",
    "imgUrl": "https://images.unsplash.com/photo-1526505262320-81542978f63b?ixid=MnwxMjA3fDB8MHxzZWFyY2h8MzN8fGNoYXJhY3RlciUyMGxlZ298ZW58MHx8MHx8&ixlib=rb-1.2.1&auto=format&fit=crop&w=500&q=60",
    "cost": 55000
  },
  {
    "id": 1,
    "name": "우리의 만남 청량함 가득",
    "desc": "Lorem ipsum dolor sit amet consectetur adipisicing elit.",
    "imgAlt": "character lego",
    "imgUrl": "https://images.unsplash.com/photo-1591118731137-c01afa405891?ixid=MnwxMjA3fDB8MHxzZWFyY2h8OTh8fGxlZ298ZW58MHx8MHx8&ixlib=rb-1.2.1&auto=format&fit=crop&w=500&q=60",
    "cost": 60000
  },
  {
    "id": 2,
    "name": "우리의 만남 청량함 가득",
    "desc": "Lorem ipsum dolor sit amet consectetur adipisicing elit.",
    "imgAlt": "character lego",
    "imgUrl": "https://images.unsplash.com/photo-1613834926943-9e4ac2945744?ixid=MnwxMjA3fDB8MHxzZWFyY2h8ODh8fGxlZ298ZW58MHx8MHx8&ixlib=rb-1.2.1&auto=format&fit=crop&w=500&q=60",
    "cost": 45000
  },
  {
    "id": 3,
    "name": "우리의 만남 청량함 가득",
    "desc": "Lorem ipsum dolor sit amet consectetur adipisicing elit.",
    "imgAlt": "character lego",
    "imgUrl": "https://images.unsplash.com/photo-1594736797933-d0501ba2fe65?ixid=MnwxMjA3fDB8MHxzZWFyY2h8ODV8fGxlZ298ZW58MHx8MHx8&ixlib=rb-1.2.1&auto=format&fit=crop&w=500&q=60",
    "cost": 80000
  },
  {
    "id": 4,
    "name": "우리의 만남 청량함 가득",
    "desc": "Lorem ipsum dolor sit amet consectetur adipisicing elit.",
    "imgAlt": "character lego",
    "imgUrl": "https://images.unsplash.com/photo-1508245126183-fb439fec035f?ixid=MnwxMjA3fDB8MHxzZWFyY2h8MTc0fHxsZWdvfGVufDB8fDB8fA%3D%3D&ixlib=rb-1.2.1&auto=format&fit=crop&w=500&q=60",
    "cost": 60000
  },
  {
    "id": 5,
    "name": "우리의 만남 청량함 가득",
    "desc": "Lorem ipsum dolor sit amet consectetur adipisicing elit.",
    "imgAlt": "character lego",
    "imgUrl": "https://images.unsplash.com/photo-1526505262320-81542978f63b?ixid=MnwxMjA3fDB8MHxzZWFyY2h8MzN8fGNoYXJhY3RlciUyMGxlZ298ZW58MHx8MHx8&ixlib=rb-1.2.1&auto=format&fit=crop&w=500&q=60",
    "cost": 50000
  },
  {
    "id": 6,
    "name": "우리의 만남 청량함 가득",
    "desc": "Lorem ipsum dolor sit amet consectetur adipisicing elit.",
    "imgAlt": "character lego",
    "imgUrl": "https://images.unsplash.com/photo-1526505262320-81542978f63b?ixid=MnwxMjA3fDB8MHxzZWFyY2h8MzN8fGNoYXJhY3RlciUyMGxlZ298ZW58MHx8MHx8&ixlib=rb-1.2.1&auto=format&fit=crop&w=500&q=60",
    "cost": 55000
  }
]
